"symbol"	"clone"	"family"	"organism"	"study"	"experiment"	"ligand"	"batch"	"seed"	"multinomial"	"cycle"	"representative"	"short"	"type"	"comment"	"filename"
"ATOH1_EVX2"	NA	NA	"Homo_sapiens"	"fromYimeng_bHLH-Homeobox"	"CAP-SELEX"	"TTCGGG40NGAG"	"YZIIII"	"NTAATTANNNNNCAKMTGN"	"m1"	"c3b0"	NA	"short"	""	NA	"PWMs/fromYimeng/PWM_bHLH-Homeobox/20230420/ATOH1-EVX2_TTCGGG40NGAG_YZIIII_NTAATTANNNNNCAKMTGN_m1_c3b0_short.pfm"
"ATOH1_EVX2"	NA	NA	"Homo_sapiens"	"fromYimeng_bHLH-Homeobox"	"CAP-SELEX"	"TTCGGG40NGAG"	"YZIIII"	"NTAATTANNNNNNCAKMTGN"	"m1"	"c3b0"	NA	"short"	""	NA	"PWMs/fromYimeng/PWM_bHLH-Homeobox/20230420/ATOH1-EVX2_TTCGGG40NGAG_YZIIII_NTAATTANNNNNNCAKMTGN_m1_c3b0_short.pfm"
"BHLHE22_EVX2"	NA	NA	"Homo_sapiens"	"fromYimeng_bHLH-Homeobox"	"CAP-SELEX"	"TACGAT40NCCG"	"YZIIII"	"NCATATGNNNNNTAATTAN"	"m1"	"c3b0"	NA	"short"	""	NA	"PWMs/fromYimeng/PWM_bHLH-Homeobox/20230420/BHLHE22-EVX2_TACGAT40NCCG_YZIIII_NCATATGNNNNNTAATTAN_m1_c3b0_short.pfm"
"BHLHE22_EVX2"	NA	NA	"Homo_sapiens"	"fromYimeng_bHLH-Homeobox"	"CAP-SELEX"	"TACGAT40NCCG"	"YZIIII"	"NCATATGNNNNTAATTAN"	"m1"	"c3b0"	NA	"short"	""	NA	"PWMs/fromYimeng/PWM_bHLH-Homeobox/20230420/BHLHE22-EVX2_TACGAT40NCCG_YZIIII_NCATATGNNNNTAATTAN_m1_c3b0_short.pfm"
"NEUROG2_EVX2"	NA	NA	"Homo_sapiens"	"fromYimeng_bHLH-Homeobox"	"CAP-SELEX"	"TCACAT40NATG"	"YZIIII"	"NYMATTANNNNNCATATGN"	"m1"	"c3b0"	NA	"short"	""	NA	"PWMs/fromYimeng/PWM_bHLH-Homeobox/20230420/NEUROG2-EVX2_TCACAT40NATG_YZIIII_NYMATTANNNNNCATATGN_m1_c3b0_short.pfm"
"NHLH1_EVX2"	NA	NA	"Homo_sapiens"	"fromYimeng_bHLH-Homeobox"	"CAP-SELEX"	"TGCGCG40NTAG"	"YZIIII"	"NCAKSTGNNNNNNTAATTAN"	"m1"	"c3b0"	NA	"short"	""	NA	"PWMs/fromYimeng/PWM_bHLH-Homeobox/20230420/NHLH1-EVX2_TGCGCG40NTAG_YZIIII_NCAKSTGNNNNNNTAATTAN_m1_c3b0_short.pfm"
"NHLH1_EVX2"	NA	NA	"Homo_sapiens"	"fromYimeng_bHLH-Homeobox"	"CAP-SELEX"	"TGCGCG40NTAG"	"YZIIII"	"NCAKSTGNNNNNTAATTAN"	"m1"	"c3b0"	NA	"short"	""	NA	"PWMs/fromYimeng/PWM_bHLH-Homeobox/20230420/NHLH1-EVX2_TGCGCG40NTAG_YZIIII_NCAKSTGNNNNNTAATTAN_m1_c3b0_short.pfm"
"NHLH1_HOXD8"	NA	NA	"Homo_sapiens"	"fromYimeng_bHLH-Homeobox"	"CAP-SELEX"	"TGAGAA40NGCG"	"YZIII"	"NCASCTGNNNNNNNNYAATTRN"	"m1"	"c3b0"	NA	"short"	""	NA	"PWMs/fromYimeng/PWM_bHLH-Homeobox/20230420/NHLH1-HOXD8_TGAGAA40NGCG_YZIII_NCASCTGNNNNNNNNYAATTRN_m1_c3b0_short.pfm"
"OLIG2_EVX2"	NA	NA	"Homo_sapiens"	"fromYimeng_bHLH-Homeobox"	"CAP-SELEX"	"TGGCCG40NCTTT"	"YZIIII"	"NTAATTANNNNCATATGN"	"m1"	"c3b0"	NA	"short"	""	NA	"PWMs/fromYimeng/PWM_bHLH-Homeobox/20230420/OLIG2-EVX2_TGGCCG40NCTTT_YZIIII_NTAATTANNNNCATATGN_m1_c3b0_short.pfm"
"OLIG2_EVX2"	NA	NA	"Homo_sapiens"	"fromYimeng_bHLH-Homeobox"	"CAP-SELEX"	"TGGCCG40NCTTT"	"YZIIII"	"NTAATTANNNNNCATATGN"	"m1"	"c3b0"	NA	"short"	""	NA	"PWMs/fromYimeng/PWM_bHLH-Homeobox/20230420/OLIG2-EVX2_TGGCCG40NCTTT_YZIIII_NTAATTANNNNNCATATGN_m1_c3b0_short.pfm"
"OLIG2_HOXB5"	NA	NA	"Homo_sapiens"	"fromYimeng_bHLH-Homeobox"	"CAP-SELEX"	"TCTAAA40NCGC"	"YVIII"	"NCATATGNNNNNNYMATTAN"	"m1"	"c3b0"	NA	"short"	""	NA	"PWMs/fromYimeng/PWM_bHLH-Homeobox/20230420/OLIG2-HOXB5_TCTAAA40NCGC_YVIII_NCATATGNNNNNNYMATTAN_m1_c3b0_short.pfm"
"OLIG2_NKX6_1"	NA	NA	"Homo_sapiens"	"fromYimeng_bHLH-Homeobox"	"CAP-SELEX"	"TGGCCG40NCTTT"	"YVIII"	"NMCATATGNNNNNNTAATTAN"	"m2"	"c3b0"	NA	"short"	""	NA	"PWMs/fromYimeng/PWM_bHLH-Homeobox/20230420/OLIG2-NKX6-1_TGGCCG40NCTTT_YVIII_NMCATATGNNNNNNTAATTAN_m2_c3b0_short.pfm"
"OLIG2_OTP"	NA	NA	"Homo_sapiens"	"fromYimeng_bHLH-Homeobox"	"CAP-SELEX"	"TGGCCG40NCTTT"	"YPIII"	"NTAATTANNNNCATATGN"	"m1"	"c3b0"	NA	"short"	""	NA	"PWMs/fromYimeng/PWM_bHLH-Homeobox/20230420/OLIG2-OTP_TGGCCG40NCTTT_YPIII_NTAATTANNNNCATATGN_m1_c3b0_short.pfm"
"PTF1A_NKX6_1"	NA	NA	"Homo_sapiens"	"fromYimeng_bHLH-Homeobox"	"CAP-SELEX"	"TCTGCC40NCAC"	"YVIII"	"NCASCTGNNNTMATTAN"	"m1"	"c3b0"	NA	"short"	""	NA	"PWMs/fromYimeng/PWM_bHLH-Homeobox/20230420/PTF1A-NKX6-1_TCTGCC40NCAC_YVIII_NCASCTGNNNTMATTAN_m1_c3b0_short.pfm"
